[{"model": "admin.logentry", "pk": 1, "fields": {"action_time": "2022-01-19T21:48:50.996", "user": 3, "content_type": 7, "object_id": "4", "object_repr": "Post object (4)", "action_flag": 1, "change_message": "[{\"added\": {}}]"}}, {"model": "admin.logentry", "pk": 2, "fields": {"action_time": "2022-01-20T19:22:24.466", "user": 3, "content_type": 10, "object_id": "5", "object_repr": "PostCategory object (5)", "action_flag": 1, "change_message": "[{\"added\": {}}]"}}, {"model": "admin.logentry", "pk": 3, "fields": {"action_time": "2022-01-26T16:53:46.435", "user": 3, "content_type": 7, "object_id": "5", "object_repr": "В Подмосковье раскрыли новый вид мошенничества с вкладами, рейт 2, дата 01/26/2022, 16:53:46", "action_flag": 1, "change_message": "[{\"added\": {}}]"}}, {"model": "admin.logentry", "pk": 4, "fields": {"action_time": "2022-01-26T16:54:30.602", "user": 3, "content_type": 10, "object_id": "6", "object_repr": "В Подмосковье раскрыли новый вид мошенничества с вкладами, категория: Politics", "action_flag": 1, "change_message": "[{\"added\": {}}]"}}, {"model": "admin.logentry", "pk": 5, "fields": {"action_time": "2022-01-26T16:56:17.216", "user": 3, "content_type": 7, "object_id": "6", "object_repr": "\"Не сломался\": Тарпищев назвал подвигом победу Медведева над Оже-Альясимом, рейт 2, дата 01/26/2022, 16:56:17", "action_flag": 1, "change_message": "[{\"added\": {}}]"}}, {"model": "admin.logentry", "pk": 6, "fields": {"action_time": "2022-01-26T16:56:25.300", "user": 3, "content_type": 10, "object_id": "7", "object_repr": "\"Не сломался\": Тарпищев назвал подвигом победу Медведева над Оже-Альясимом, категория: Sport", "action_flag": 1, "change_message": "[{\"added\": {}}]"}}, {"model": "admin.logentry", "pk": 7, "fields": {"action_time": "2022-01-26T16:57:11.711", "user": 3, "content_type": 7, "object_id": "7", "object_repr": "Бабиков выиграл серебро чемпионата Европы в индивидуальной гонке, рейт 4, дата 01/26/2022, 16:57:11", "action_flag": 1, "change_message": "[{\"added\": {}}]"}}, {"model": "admin.logentry", "pk": 8, "fields": {"action_time": "2022-01-26T16:57:22.875", "user": 3, "content_type": 10, "object_id": "8", "object_repr": "Бабиков выиграл серебро чемпионата Европы в индивидуальной гонке, категория: Sport", "action_flag": 1, "change_message": "[{\"added\": {}}]"}}, {"model": "admin.logentry", "pk": 9, "fields": {"action_time": "2022-01-26T16:59:09.811", "user": 3, "content_type": 7, "object_id": "8", "object_repr": "Элементы ЗОЖ, рейт 4, дата 01/26/2022, 16:59:09", "action_flag": 1, "change_message": "[{\"added\": {}}]"}}, {"model": "admin.logentry", "pk": 10, "fields": {"action_time": "2022-01-26T16:59:22.219", "user": 3, "content_type": 10, "object_id": "9", "object_repr": "Элементы ЗОЖ, категория: Health", "action_flag": 1, "change_message": "[{\"added\": {}}]"}}, {"model": "admin.logentry", "pk": 11, "fields": {"action_time": "2022-01-26T17:02:54.635", "user": 3, "content_type": 7, "object_id": "9", "object_repr": "Ученые изменили прогноз об эволюции Земли, рейт 6, дата 01/26/2022, 17:02:54", "action_flag": 1, "change_message": "[{\"added\": {}}]"}}, {"model": "admin.logentry", "pk": 12, "fields": {"action_time": "2022-01-26T17:03:21.393", "user": 3, "content_type": 11, "object_id": "5", "object_repr": "Science", "action_flag": 1, "change_message": "[{\"added\": {}}]"}}, {"model": "admin.logentry", "pk": 13, "fields": {"action_time": "2022-01-26T17:03:35.067", "user": 3, "content_type": 10, "object_id": "10", "object_repr": "Ученые изменили прогноз об эволюции Земли, категория: Science", "action_flag": 1, "change_message": "[{\"added\": {}}]"}}, {"model": "admin.logentry", "pk": 14, "fields": {"action_time": "2022-01-26T17:04:52.049", "user": 3, "content_type": 7, "object_id": "10", "object_repr": "\"Роскосмос\" работает над версией \"Ангары\" с возвращаемыми блоками, рейт 7, дата 01/26/2022, 17:04:52", "action_flag": 1, "change_message": "[{\"added\": {}}]"}}, {"model": "admin.logentry", "pk": 15, "fields": {"action_time": "2022-01-26T17:05:03.866", "user": 3, "content_type": 10, "object_id": "11", "object_repr": "\"Роскосмос\" работает над версией \"Ангары\" с возвращаемыми блоками, категория: Science", "action_flag": 1, "change_message": "[{\"added\": {}}]"}}, {"model": "admin.logentry", "pk": 16, "fields": {"action_time": "2022-01-26T17:06:11.934", "user": 3, "content_type": 7, "object_id": "11", "object_repr": "Ученые объяснили, откуда на Земле появились океан, рейт 8, дата 01/26/2022, 17:06:11", "action_flag": 1, "change_message": "[{\"added\": {}}]"}}, {"model": "admin.logentry", "pk": 17, "fields": {"action_time": "2022-01-26T17:06:21.868", "user": 3, "content_type": 10, "object_id": "12", "object_repr": "Ученые объяснили, откуда на Земле появились океан, категория: Science", "action_flag": 1, "change_message": "[{\"added\": {}}]"}}, {"model": "admin.logentry", "pk": 18, "fields": {"action_time": "2022-01-26T17:09:17.978", "user": 3, "content_type": 7, "object_id": "12", "object_repr": "Россиянам посоветовали лучшие продукты для укрепления суставов, рейт 7, дата 01/26/2022, 17:09:17", "action_flag": 1, "change_message": "[{\"added\": {}}]"}}, {"model": "admin.logentry", "pk": 19, "fields": {"action_time": "2022-01-26T17:09:26.243", "user": 3, "content_type": 10, "object_id": "13", "object_repr": "Россиянам посоветовали лучшие продукты для укрепления суставов, категория: Health", "action_flag": 1, "change_message": "[{\"added\": {}}]"}}, {"model": "admin.logentry", "pk": 20, "fields": {"action_time": "2022-01-26T17:10:32.845", "user": 3, "content_type": 7, "object_id": "13", "object_repr": "Сборная России по мини-футболу разгромила хорватов на чемпионате Европы, рейт 5, дата 01/26/2022, 17:10:32", "action_flag": 1, "change_message": "[{\"added\": {}}]"}}, {"model": "admin.logentry", "pk": 21, "fields": {"action_time": "2022-01-26T17:10:41.307", "user": 3, "content_type": 10, "object_id": "14", "object_repr": "Сборная России по мини-футболу разгромила хорватов на чемпионате Европы, категория: Sport", "action_flag": 1, "change_message": "[{\"added\": {}}]"}}, {"model": "admin.logentry", "pk": 22, "fields": {"action_time": "2022-01-26T17:11:22.645", "user": 3, "content_type": 7, "object_id": "14", "object_repr": "Названы лучшие продукты для повышения уровня тестостерона, рейт 6, дата 01/26/2022, 17:11:22", "action_flag": 1, "change_message": "[{\"added\": {}}]"}}, {"model": "admin.logentry", "pk": 23, "fields": {"action_time": "2022-01-26T17:11:32.785", "user": 3, "content_type": 10, "object_id": "15", "object_repr": "Названы лучшие продукты для повышения уровня тестостерона, категория: Health", "action_flag": 1, "change_message": "[{\"added\": {}}]"}}, {"model": "admin.logentry", "pk": 24, "fields": {"action_time": "2022-02-03T02:11:41.446", "user": 3, "content_type": 12, "object_id": "1", "object_repr": "127.0.0.1", "action_flag": 2, "change_message": "[{\"changed\": {\"fields\": [\"Domain name\"]}}]"}}, {"model": "admin.logentry", "pk": 25, "fields": {"action_time": "2022-02-03T02:12:45.176", "user": 3, "content_type": 17, "object_id": "1", "object_repr": "Google", "action_flag": 1, "change_message": "[{\"added\": {}}]"}}, {"model": "admin.logentry", "pk": 26, "fields": {"action_time": "2022-02-03T03:30:33.399", "user": 3, "content_type": 3, "object_id": "1", "object_repr": "common", "action_flag": 1, "change_message": "[{\"added\": {}}]"}}, {"model": "admin.logentry", "pk": 27, "fields": {"action_time": "2022-02-03T03:30:49.410", "user": 3, "content_type": 3, "object_id": "2", "object_repr": "authors", "action_flag": 1, "change_message": "[{\"added\": {}}]"}}, {"model": "admin.logentry", "pk": 28, "fields": {"action_time": "2022-02-03T04:08:38.533", "user": 3, "content_type": 3, "object_id": "2", "object_repr": "authors", "action_flag": 2, "change_message": "[{\"changed\": {\"fields\": [\"Permissions\"]}}]"}}, {"model": "admin.logentry", "pk": 29, "fields": {"action_time": "2022-02-03T04:14:49.792", "user": 3, "content_type": 4, "object_id": "3", "object_repr": "admin", "action_flag": 2, "change_message": "[{\"changed\": {\"fields\": [\"Groups\"]}}]"}}, {"model": "admin.logentry", "pk": 30, "fields": {"action_time": "2022-02-03T04:40:34.168", "user": 3, "content_type": 4, "object_id": "4", "object_repr": "phantompost777", "action_flag": 2, "change_message": "[{\"changed\": {\"fields\": [\"Groups\"]}}]"}}, {"model": "admin.logentry", "pk": 31, "fields": {"action_time": "2022-02-04T23:17:21.401", "user": 3, "content_type": 4, "object_id": "4", "object_repr": "phantompost777", "action_flag": 2, "change_message": "[{\"changed\": {\"fields\": [\"Groups\"]}}]"}}, {"model": "admin.logentry", "pk": 32, "fields": {"action_time": "2022-02-04T23:19:54.536", "user": 3, "content_type": 4, "object_id": "4", "object_repr": "phantompost777", "action_flag": 2, "change_message": "[{\"changed\": {\"fields\": [\"Groups\"]}}]"}}, {"model": "admin.logentry", "pk": 33, "fields": {"action_time": "2022-02-12T19:40:26.374", "user": 3, "content_type": 7, "object_id": "16", "object_repr": "dfgdfg, рейт 1, дата 02/12/2022, 19:40:26", "action_flag": 1, "change_message": "[{\"added\": {}}]"}}, {"model": "admin.logentry", "pk": 34, "fields": {"action_time": "2022-02-12T19:41:35.940", "user": 3, "content_type": 10, "object_id": "17", "object_repr": "dfgdfg, категория: Sport", "action_flag": 1, "change_message": "[{\"added\": {}}]"}}, {"model": "admin.logentry", "pk": 35, "fields": {"action_time": "2022-02-12T19:42:21.354", "user": 3, "content_type": 4, "object_id": "3", "object_repr": "admin", "action_flag": 2, "change_message": "[{\"changed\": {\"fields\": [\"Email address\", \"Groups\"]}}]"}}, {"model": "admin.logentry", "pk": 36, "fields": {"action_time": "2022-02-12T19:44:11.366", "user": 3, "content_type": 4, "object_id": "5", "object_repr": "sd", "action_flag": 3, "change_message": ""}}, {"model": "admin.logentry", "pk": 37, "fields": {"action_time": "2022-02-12T19:58:42.230", "user": 3, "content_type": 14, "object_id": "3", "object_repr": "Yevgeny.Golovin@yandex.ru", "action_flag": 2, "change_message": "[{\"changed\": {\"fields\": [\"Verified\", \"Primary\"]}}]"}}, {"model": "admin.logentry", "pk": 38, "fields": {"action_time": "2022-02-12T20:20:11.193", "user": 3, "content_type": 4, "object_id": "6", "object_repr": "Eugene78", "action_flag": 3, "change_message": ""}}, {"model": "admin.logentry", "pk": 39, "fields": {"action_time": "2022-02-12T20:30:14.587", "user": 3, "content_type": 10, "object_id": "26", "object_repr": "sdfg, категория: Sport", "action_flag": 3, "change_message": ""}}, {"model": "admin.logentry", "pk": 40, "fields": {"action_time": "2022-03-06T15:26:07.241", "user": 3, "content_type": 7, "object_id": "38", "object_repr": "Heath_new_20.02, рейт 0, дата 02/20/2022, 23:38:50", "action_flag": 2, "change_message": "[{\"changed\": {\"fields\": [\"Text\"]}}]"}}, {"model": "admin.logentry", "pk": 41, "fields": {"action_time": "2022-03-06T15:26:54.253", "user": 3, "content_type": 7, "object_id": "38", "object_repr": "Heath_new_20.02, рейт 0, дата 02/20/2022, 23:38:50", "action_flag": 2, "change_message": "[{\"changed\": {\"fields\": [\"Text\"]}}]"}}, {"model": "auth.permission", "pk": 1, "fields": {"name": "Can add log entry", "content_type": 1, "codename": "add_logentry"}}, {"model": "auth.permission", "pk": 2, "fields": {"name": "Can change log entry", "content_type": 1, "codename": "change_logentry"}}, {"model": "auth.permission", "pk": 3, "fields": {"name": "Can delete log entry", "content_type": 1, "codename": "delete_logentry"}}, {"model": "auth.permission", "pk": 4, "fields": {"name": "Can view log entry", "content_type": 1, "codename": "view_logentry"}}, {"model": "auth.permission", "pk": 5, "fields": {"name": "Can add permission", "content_type": 2, "codename": "add_permission"}}, {"model": "auth.permission", "pk": 6, "fields": {"name": "Can change permission", "content_type": 2, "codename": "change_permission"}}, {"model": "auth.permission", "pk": 7, "fields": {"name": "Can delete permission", "content_type": 2, "codename": "delete_permission"}}, {"model": "auth.permission", "pk": 8, "fields": {"name": "Can view permission", "content_type": 2, "codename": "view_permission"}}, {"model": "auth.permission", "pk": 9, "fields": {"name": "Can add group", "content_type": 3, "codename": "add_group"}}, {"model": "auth.permission", "pk": 10, "fields": {"name": "Can change group", "content_type": 3, "codename": "change_group"}}, {"model": "auth.permission", "pk": 11, "fields": {"name": "Can delete group", "content_type": 3, "codename": "delete_group"}}, {"model": "auth.permission", "pk": 12, "fields": {"name": "Can view group", "content_type": 3, "codename": "view_group"}}, {"model": "auth.permission", "pk": 13, "fields": {"name": "Can add user", "content_type": 4, "codename": "add_user"}}, {"model": "auth.permission", "pk": 14, "fields": {"name": "Can change user", "content_type": 4, "codename": "change_user"}}, {"model": "auth.permission", "pk": 15, "fields": {"name": "Can delete user", "content_type": 4, "codename": "delete_user"}}, {"model": "auth.permission", "pk": 16, "fields": {"name": "Can view user", "content_type": 4, "codename": "view_user"}}, {"model": "auth.permission", "pk": 17, "fields": {"name": "Can add content type", "content_type": 5, "codename": "add_contenttype"}}, {"model": "auth.permission", "pk": 18, "fields": {"name": "Can change content type", "content_type": 5, "codename": "change_contenttype"}}, {"model": "auth.permission", "pk": 19, "fields": {"name": "Can delete content type", "content_type": 5, "codename": "delete_contenttype"}}, {"model": "auth.permission", "pk": 20, "fields": {"name": "Can view content type", "content_type": 5, "codename": "view_contenttype"}}, {"model": "auth.permission", "pk": 21, "fields": {"name": "Can add session", "content_type": 6, "codename": "add_session"}}, {"model": "auth.permission", "pk": 22, "fields": {"name": "Can change session", "content_type": 6, "codename": "change_session"}}, {"model": "auth.permission", "pk": 23, "fields": {"name": "Can delete session", "content_type": 6, "codename": "delete_session"}}, {"model": "auth.permission", "pk": 24, "fields": {"name": "Can view session", "content_type": 6, "codename": "view_session"}}, {"model": "auth.permission", "pk": 25, "fields": {"name": "Can add post", "content_type": 7, "codename": "add_post"}}, {"model": "auth.permission", "pk": 26, "fields": {"name": "Can change post", "content_type": 7, "codename": "change_post"}}, {"model": "auth.permission", "pk": 27, "fields": {"name": "Can delete post", "content_type": 7, "codename": "delete_post"}}, {"model": "auth.permission", "pk": 28, "fields": {"name": "Can view post", "content_type": 7, "codename": "view_post"}}, {"model": "auth.permission", "pk": 29, "fields": {"name": "Can add comment", "content_type": 8, "codename": "add_comment"}}, {"model": "auth.permission", "pk": 30, "fields": {"name": "Can change comment", "content_type": 8, "codename": "change_comment"}}, {"model": "auth.permission", "pk": 31, "fields": {"name": "Can delete comment", "content_type": 8, "codename": "delete_comment"}}, {"model": "auth.permission", "pk": 32, "fields": {"name": "Can view comment", "content_type": 8, "codename": "view_comment"}}, {"model": "auth.permission", "pk": 33, "fields": {"name": "Can add author", "content_type": 9, "codename": "add_author"}}, {"model": "auth.permission", "pk": 34, "fields": {"name": "Can change author", "content_type": 9, "codename": "change_author"}}, {"model": "auth.permission", "pk": 35, "fields": {"name": "Can delete author", "content_type": 9, "codename": "delete_author"}}, {"model": "auth.permission", "pk": 36, "fields": {"name": "Can view author", "content_type": 9, "codename": "view_author"}}, {"model": "auth.permission", "pk": 37, "fields": {"name": "Can add post category", "content_type": 10, "codename": "add_postcategory"}}, {"model": "auth.permission", "pk": 38, "fields": {"name": "Can change post category", "content_type": 10, "codename": "change_postcategory"}}, {"model": "auth.permission", "pk": 39, "fields": {"name": "Can delete post category", "content_type": 10, "codename": "delete_postcategory"}}, {"model": "auth.permission", "pk": 40, "fields": {"name": "Can view post category", "content_type": 10, "codename": "view_postcategory"}}, {"model": "auth.permission", "pk": 41, "fields": {"name": "Can add category", "content_type": 11, "codename": "add_category"}}, {"model": "auth.permission", "pk": 42, "fields": {"name": "Can change category", "content_type": 11, "codename": "change_category"}}, {"model": "auth.permission", "pk": 43, "fields": {"name": "Can delete category", "content_type": 11, "codename": "delete_category"}}, {"model": "auth.permission", "pk": 44, "fields": {"name": "Can view category", "content_type": 11, "codename": "view_category"}}, {"model": "auth.permission", "pk": 45, "fields": {"name": "Can add site", "content_type": 12, "codename": "add_site"}}, {"model": "auth.permission", "pk": 46, "fields": {"name": "Can change site", "content_type": 12, "codename": "change_site"}}, {"model": "auth.permission", "pk": 47, "fields": {"name": "Can delete site", "content_type": 12, "codename": "delete_site"}}, {"model": "auth.permission", "pk": 48, "fields": {"name": "Can view site", "content_type": 12, "codename": "view_site"}}, {"model": "auth.permission", "pk": 49, "fields": {"name": "Can add flat page", "content_type": 13, "codename": "add_flatpage"}}, {"model": "auth.permission", "pk": 50, "fields": {"name": "Can change flat page", "content_type": 13, "codename": "change_flatpage"}}, {"model": "auth.permission", "pk": 51, "fields": {"name": "Can delete flat page", "content_type": 13, "codename": "delete_flatpage"}}, {"model": "auth.permission", "pk": 52, "fields": {"name": "Can view flat page", "content_type": 13, "codename": "view_flatpage"}}, {"model": "auth.permission", "pk": 53, "fields": {"name": "Can add email address", "content_type": 14, "codename": "add_emailaddress"}}, {"model": "auth.permission", "pk": 54, "fields": {"name": "Can change email address", "content_type": 14, "codename": "change_emailaddress"}}, {"model": "auth.permission", "pk": 55, "fields": {"name": "Can delete email address", "content_type": 14, "codename": "delete_emailaddress"}}, {"model": "auth.permission", "pk": 56, "fields": {"name": "Can view email address", "content_type": 14, "codename": "view_emailaddress"}}, {"model": "auth.permission", "pk": 57, "fields": {"name": "Can add email confirmation", "content_type": 15, "codename": "add_emailconfirmation"}}, {"model": "auth.permission", "pk": 58, "fields": {"name": "Can change email confirmation", "content_type": 15, "codename": "change_emailconfirmation"}}, {"model": "auth.permission", "pk": 59, "fields": {"name": "Can delete email confirmation", "content_type": 15, "codename": "delete_emailconfirmation"}}, {"model": "auth.permission", "pk": 60, "fields": {"name": "Can view email confirmation", "content_type": 15, "codename": "view_emailconfirmation"}}, {"model": "auth.permission", "pk": 61, "fields": {"name": "Can add social account", "content_type": 16, "codename": "add_socialaccount"}}, {"model": "auth.permission", "pk": 62, "fields": {"name": "Can change social account", "content_type": 16, "codename": "change_socialaccount"}}, {"model": "auth.permission", "pk": 63, "fields": {"name": "Can delete social account", "content_type": 16, "codename": "delete_socialaccount"}}, {"model": "auth.permission", "pk": 64, "fields": {"name": "Can view social account", "content_type": 16, "codename": "view_socialaccount"}}, {"model": "auth.permission", "pk": 65, "fields": {"name": "Can add social application", "content_type": 17, "codename": "add_socialapp"}}, {"model": "auth.permission", "pk": 66, "fields": {"name": "Can change social application", "content_type": 17, "codename": "change_socialapp"}}, {"model": "auth.permission", "pk": 67, "fields": {"name": "Can delete social application", "content_type": 17, "codename": "delete_socialapp"}}, {"model": "auth.permission", "pk": 68, "fields": {"name": "Can view social application", "content_type": 17, "codename": "view_socialapp"}}, {"model": "auth.permission", "pk": 69, "fields": {"name": "Can add social application token", "content_type": 18, "codename": "add_socialtoken"}}, {"model": "auth.permission", "pk": 70, "fields": {"name": "Can change social application token", "content_type": 18, "codename": "change_socialtoken"}}, {"model": "auth.permission", "pk": 71, "fields": {"name": "Can delete social application token", "content_type": 18, "codename": "delete_socialtoken"}}, {"model": "auth.permission", "pk": 72, "fields": {"name": "Can view social application token", "content_type": 18, "codename": "view_socialtoken"}}, {"model": "auth.permission", "pk": 73, "fields": {"name": "Can add django job", "content_type": 19, "codename": "add_djangojob"}}, {"model": "auth.permission", "pk": 74, "fields": {"name": "Can change django job", "content_type": 19, "codename": "change_djangojob"}}, {"model": "auth.permission", "pk": 75, "fields": {"name": "Can delete django job", "content_type": 19, "codename": "delete_djangojob"}}, {"model": "auth.permission", "pk": 76, "fields": {"name": "Can view django job", "content_type": 19, "codename": "view_djangojob"}}, {"model": "auth.permission", "pk": 77, "fields": {"name": "Can add django job execution", "content_type": 20, "codename": "add_djangojobexecution"}}, {"model": "auth.permission", "pk": 78, "fields": {"name": "Can change django job execution", "content_type": 20, "codename": "change_djangojobexecution"}}, {"model": "auth.permission", "pk": 79, "fields": {"name": "Can delete django job execution", "content_type": 20, "codename": "delete_djangojobexecution"}}, {"model": "auth.permission", "pk": 80, "fields": {"name": "Can view django job execution", "content_type": 20, "codename": "view_djangojobexecution"}}, {"model": "auth.group", "pk": 1, "fields": {"name": "common", "permissions": []}}, {"model": "auth.group", "pk": 2, "fields": {"name": "authors", "permissions": [25, 26, 27, 28]}}, {"model": "auth.user", "pk": 1, "fields": {"password": "!gON1B5Urf317mnnzyx03S02hwemxoDBAbrU99nHI", "last_login": null, "is_superuser": false, "username": "Petr", "first_name": "", "last_name": "", "email": "", "is_staff": false, "is_active": true, "date_joined": "2022-01-09T14:37:46.699", "groups": [], "user_permissions": []}}, {"model": "auth.user", "pk": 2, "fields": {"password": "!XSkQjjxXn93QRHdvclP01c7tJHOpjlmHSn52A9cA", "last_login": null, "is_superuser": false, "username": "Ivan", "first_name": "", "last_name": "", "email": "", "is_staff": false, "is_active": true, "date_joined": "2022-01-09T14:38:22.091", "groups": [], "user_permissions": []}}, {"model": "auth.user", "pk": 3, "fields": {"password": "pbkdf2_sha256$320000$fdEoQC1KipoAopRvpSLX07$fDwFCDkLR0YtZxhYhFJc10mviLjxq+WGxtn5Qvvt7Ns=", "last_login": "2022-03-06T15:23:17.217", "is_superuser": true, "username": "admin", "first_name": "", "last_name": "", "email": "yevgeny.golovin@yandex.ru", "is_staff": true, "is_active": true, "date_joined": "2022-01-19T05:30:33", "groups": [1, 2], "user_permissions": []}}, {"model": "auth.user", "pk": 4, "fields": {"password": "!qOLyXHlrN9PYBet7ZNkW2WzLXIPZhvFMWJWGJjN1", "last_login": "2022-02-11T23:17:00.870", "is_superuser": false, "username": "phantompost777", "first_name": "Евгений", "last_name": "Головин", "email": "phantompost777@gmail.com", "is_staff": false, "is_active": true, "date_joined": "2022-02-03T02:18:03", "groups": [1, 2], "user_permissions": []}}, {"model": "auth.user", "pk": 7, "fields": {"password": "pbkdf2_sha256$320000$tatA1buV0nKnNk1jNzLdBo$mUxJyIYWgPonHp9Q5m1sDay1tFlO5tRFVQJNEOiEOQ0=", "last_login": "2022-02-12T20:22:11.398", "is_superuser": false, "username": "Eugene78", "first_name": "Евгений", "last_name": "qweasd12345", "email": "phantom-post@yandex.ru", "is_staff": false, "is_active": true, "date_joined": "2022-02-12T20:20:55.059", "groups": [1, 2], "user_permissions": []}}, {"model": "contenttypes.contenttype", "pk": 1, "fields": {"app_label": "admin", "model": "logentry"}}, {"model": "contenttypes.contenttype", "pk": 2, "fields": {"app_label": "auth", "model": "permission"}}, {"model": "contenttypes.contenttype", "pk": 3, "fields": {"app_label": "auth", "model": "group"}}, {"model": "contenttypes.contenttype", "pk": 4, "fields": {"app_label": "auth", "model": "user"}}, {"model": "contenttypes.contenttype", "pk": 5, "fields": {"app_label": "contenttypes", "model": "contenttype"}}, {"model": "contenttypes.contenttype", "pk": 6, "fields": {"app_label": "sessions", "model": "session"}}, {"model": "contenttypes.contenttype", "pk": 7, "fields": {"app_label": "news", "model": "post"}}, {"model": "contenttypes.contenttype", "pk": 8, "fields": {"app_label": "news", "model": "comment"}}, {"model": "contenttypes.contenttype", "pk": 9, "fields": {"app_label": "news", "model": "author"}}, {"model": "contenttypes.contenttype", "pk": 10, "fields": {"app_label": "news", "model": "postcategory"}}, {"model": "contenttypes.contenttype", "pk": 11, "fields": {"app_label": "news", "model": "category"}}, {"model": "contenttypes.contenttype", "pk": 12, "fields": {"app_label": "sites", "model": "site"}}, {"model": "contenttypes.contenttype", "pk": 13, "fields": {"app_label": "flatpages", "model": "flatpage"}}, {"model": "contenttypes.contenttype", "pk": 14, "fields": {"app_label": "account", "model": "emailaddress"}}, {"model": "contenttypes.contenttype", "pk": 15, "fields": {"app_label": "account", "model": "emailconfirmation"}}, {"model": "contenttypes.contenttype", "pk": 16, "fields": {"app_label": "socialaccount", "model": "socialaccount"}}, {"model": "contenttypes.contenttype", "pk": 17, "fields": {"app_label": "socialaccount", "model": "socialapp"}}, {"model": "contenttypes.contenttype", "pk": 18, "fields": {"app_label": "socialaccount", "model": "socialtoken"}}, {"model": "contenttypes.contenttype", "pk": 19, "fields": {"app_label": "django_apscheduler", "model": "djangojob"}}, {"model": "contenttypes.contenttype", "pk": 20, "fields": {"app_label": "django_apscheduler", "model": "djangojobexecution"}}, {"model": "sessions.session", "pk": "3vf4wraau5sd4tyym1v9g1u8nj0ev1qx", "fields": {"session_data": ".eJxVjMsOwiAQRf-FtSEw0_Jw6d5vIDAMUjU0Ke3K-O_apAvd3nPOfYkQt7WGrfMSpizOAsXpd0uRHtx2kO-x3WZJc1uXKcldkQft8jpnfl4O9--gxl6_NRgokJUfUBvnbYmK_AiGFTIPYFGz0prAJ2bC0SlOyWJx2WvKRFaL9wfB4zef:1nClCI:gCNggVm0DM0udOVG66GA-SIBXn075Owi3Fekl8FxFEk", "expire_date": "2022-02-09T16:31:02.768"}}, {"model": "sessions.session", "pk": "a05ek1lt7htrzrhvn0svwuv4kfvo9ca8", "fields": {"session_data": ".eJxVjEEOwjAMBP-SM6qSNDExN_hIZBtXrahSiSYnxN9pUQ9w3NndeZlMrY65rfrM091cTDCnX8YkDy17QfO8445EllZq990c9dpdt6SlTkJ1WsrteP2pRlrHzSPBO-f7oMggIQ4KNjChd3E4syWOmHomcCBorUNVawEweezBCycy7w-icjt_:1nG54n:dQCSD5SsanQ848ppAMDcKVuvKntyB5alIy2buE9uYB8", "expire_date": "2022-02-18T23:21:01.416"}}, {"model": "sessions.session", "pk": "fxxna8yolj8w92rx7gfqgoyfdjmmj65z", "fields": {"session_data": ".eJxVjMsOwiAQRf-FtSEw0_Jw6d5vIDAMUjU0Ke3K-O_apAvd3nPOfYkQt7WGrfMSpizOAsXpd0uRHtx2kO-x3WZJc1uXKcldkQft8jpnfl4O9--gxl6_NRgokJUfUBvnbYmK_AiGFTIPYFGz0prAJ2bC0SlOyWJx2WvKRFaL9wfB4zef:1nIwBi:JUpjpKq2ku4gCg6Ceq_BdPiSKsNPIszabsp1VH0zNkg", "expire_date": "2022-02-26T20:27:58.064"}}, {"model": "sessions.session", "pk": "kssq2doho36ulszs3rflyw0qk3pghifu", "fields": {"session_data": ".eJxVjMsOwiAQRf-FtSEw0_Jw6d5vIDAMUjU0Ke3K-O_apAvd3nPOfYkQt7WGrfMSpizOAsXpd0uRHtx2kO-x3WZJc1uXKcldkQft8jpnfl4O9--gxl6_NRgokJUfUBvnbYmK_AiGFTIPYFGz0prAJ2bC0SlOyWJx2WvKRFaL9wfB4zef:1nAI8t:zGI7e2Zfjvca_jh6s5YwVEbzm13ynV8Yx8hGaSFOPQE", "expire_date": "2022-02-02T21:05:19.265"}}, {"model": "sessions.session", "pk": "o50wp8ocmx1q1i14h325v6d4l82syqtc", "fields": {"session_data": ".eJxVjMsOwiAQRf-FtSEw0_Jw6d5vIDAMUjU0Ke3K-O_apAvd3nPOfYkQt7WGrfMSpizOAsXpd0uRHtx2kO-x3WZJc1uXKcldkQft8jpnfl4O9--gxl6_NRgokJUfUBvnbYmK_AiGFTIPYFGz0prAJ2bC0SlOyWJx2WvKRFaL9wfB4zef:1nQpuv:OVx5Xi1Xw8qDCLhHfFbZIVJ3rNjVkez3qWMnEWaqHYo", "expire_date": "2022-03-20T15:23:17.418"}}, {"model": "news.author", "pk": 1, "fields": {"authorUser": 1, "authorRate": 24}}, {"model": "news.author", "pk": 2, "fields": {"authorUser": 2, "authorRate": 23}}, {"model": "news.category", "pk": 1, "fields": {"categoryName": "Education", "subscribers": [3, 4]}}, {"model": "news.category", "pk": 2, "fields": {"categoryName": "Sport", "subscribers": [3, 4]}}, {"model": "news.category", "pk": 3, "fields": {"categoryName": "Politics", "subscribers": [3, 4]}}, {"model": "news.category", "pk": 4, "fields": {"categoryName": "Health", "subscribers": [3, 4]}}, {"model": "news.category", "pk": 5, "fields": {"categoryName": "Science", "subscribers": [3, 4]}}, {"model": "news.post", "pk": 1, "fields": {"author": 1, "categoryType": "AR", "creationDate": "2022-01-09T16:52:54.790", "title": "Охрана здоровья граждан", "text": "Охрана здоровья граждан - это совокупность мер политического, экономического, правового, социального, культурного, научного, медицинского, санитарно-гигиенического и противоэпидемического характера, направленных на сохранение и укрепление физического и психического здоровья каждого человека, поддержание его долголетней активной жизни, предоставление ему медицинской помощи в случае утраты здоровья.", "rate": 3}}, {"model": "news.post", "pk": 2, "fields": {"author": 2, "categoryType": "AR", "creationDate": "2022-01-09T17:10:16.591", "title": "Как учиться меньше, но лучше", "text": "\nЧередуйте предметы и темы, чтобы учиться было легче.\nСосредотачивайтесь на одной задаче.\nПрокачайте навыки самообразования.\nСледите за самочувствием.\nИспользуйте интервальное повторение, чтобы лучше запоминать.", "rate": 7}}, {"model": "news.post", "pk": 3, "fields": {"author": 1, "categoryType": "NW", "creationDate": "2022-01-09T17:15:05.289", "title": "\"Севилья\" обыграла \"Хетафе\"", "text": "\"Севилья\" обыграла \"Хетафе\" и сократила отставание от лидирующего \"Реала\" до пяти очков", "rate": 3}}, {"model": "news.post", "pk": 4, "fields": {"author": 1, "categoryType": "NW", "creationDate": "2022-01-19T21:48:50.924", "title": "Россиянин поблагодарил лошар после поражения в финале на Олимпиаде", "text": "Российский спортсмен Вячеслав Красильников после поражения в финале Олимпийского турнира по пляжному волейболу поблагодарил лошар, которые «поливали» его и его партнера по команде Олега Стояновского за внимание. Свое обращение он опубликовал в Instagram.", "rate": 2}}, {"model": "news.post", "pk": 5, "fields": {"author": 1, "categoryType": "NW", "creationDate": "2022-01-26T16:53:46.397", "title": "В Подмосковье раскрыли новый вид мошенничества с вкладами", "text": "По данным источника, 33-летний мужчина случайно увидел в интернете объявление о дополнительных заработках на трейдинговой платформе. Потерпевший вложил сначала 195 долларов и получил прибыль в размере 20 долларов. Молодой человек решил на этом не останавливаться и вложил еще 12 тысяч долларов, заработав при этом 38 тысяч рублей.\r\n\r\nКогда мужчина решил снять деньги, счет заблокировался и ему предложили внести еще семь тысяч долларов. Пострадавший брал кредиты и вносил денежные суммы на счет, пока не понял, что его обманывают злоумышленники.", "rate": 2}}, {"model": "news.post", "pk": 6, "fields": {"author": 1, "categoryType": "NW", "creationDate": "2022-01-26T16:56:17.167", "title": "\"Не сломался\": Тарпищев назвал подвигом победу Медведева над Оже-Альясимом", "text": "Президент Федерации тенниса России (ФТР) Шамиль Тарпищев сказал РИА Новости, что Даниил Медведев совершил подвиг, сумев отыграться со счета 0:2 в четвертьфинале Australian Open.\r\nВторая ракетка мира Медведев пробился в полуфинал Открытого чемпионата Австралии по теннису, который проходит в Мельбурне. Посеянный под вторым номером россиянин в 1/4 финала обыграл канадца Феликса Оже-Альясима (9-й номер посева) со счетом 6:7 (4:7), 3:6, 7:6 (7:2), 7:5, 6:4. Теннисисты провели на корте 4 часа 42 минуты.", "rate": 2}}, {"model": "news.post", "pk": 7, "fields": {"author": 2, "categoryType": "NW", "creationDate": "2022-01-26T16:57:11.709", "title": "Бабиков выиграл серебро чемпионата Европы в индивидуальной гонке", "text": "Российский биатлонист Антон Бабиков стал вторым в индивидуальной гонке на чемпионате Европы, который проходит в немецком Арбере.\r\nБабиков, который является запасным в составе сборной России на Олимпийские игры, прошел дистанцию 20 километров без промахов на четырех огневых рубежах за 51 минуту 43,7 секунды. Победу одержал норвежец Сверре Дален Аспенс (51.32,1; 0). Третьим стал немец Маттиас Дорфер (+1.08,9; 0).\r\nРоссиянин Никита Поршнев стал девятым (+2.41,5; 2), Александр Поварницын — 11-м (+3.06,7; 3), Василий Томшин — 12-м (+3.11,6), Петр Пащенко — 30-м (+4.50,2; 4), Ильназ Мухамедзянов — 46-м (+6.17,8; 7).", "rate": 4}}, {"model": "news.post", "pk": 8, "fields": {"author": 2, "categoryType": "AR", "creationDate": "2022-01-26T16:59:09.810", "title": "Элементы ЗОЖ", "text": "Здоровый образ жизни — это активное участие в трудовой, общественной, семейно-бытовой, досуговой формах жизнедеятельности человека.\r\n\r\nВ узко биологическом смысле речь идет о физиологических адаптационных возможностях человека к воздействиям внешней среды и изменениям состояний внутренней среды. Авторы, пишущие на эту тему, включают в ЗОЖ разные составляющие, но большинство из них считают базовыми:\r\n• воспитание с раннего детства здоровых привычек и навыков;\r\n• окружающая среда: безопасная и благоприятная для обитания, знания о влиянии окружающих предметов на здоровье;\r\n• отказ от вредных привычек: самоотравления легальными наркотиками (алкоядом, табакоядом) и нелегальными.\r\n• питание: умеренное, соответствующее физиологическим особенностям конкретного человека, информированность о качестве употребляемых продуктов;\r\n• движения: физически активная жизнь, включая специальные физические упражнения (например, гимнастика), с учётом возрастных и физиологических особенностей;\r\n• гигиена организма: соблюдение правил личной и общественной гигиены, владение навыками первой помощи;\r\n• закаливание;\r\n\r\nНа физиологическое состояние человека большое влияние оказывает его психоэмоциональное состояние, которое зависит, в свою очередь, от его умственных установок. Поэтому некоторые авторы также выделяют дополнительно следующие аспекты ЗОЖ:\r\n• эмоциональное самочувствие: психогигиена, умение справляться с собственными эмоциями, сложными ситуациями;\r\n• интеллектуальное самочувствие: способность человека узнавать и использовать новую информацию для оптимальных действий в новых обстоятельствах;\r\n• духовное самочувствие: способность устанавливать действительно значимые, конструктивные жизненные цели и стремиться к ним, оптимизм.", "rate": 4}}, {"model": "news.post", "pk": 9, "fields": {"author": 2, "categoryType": "AR", "creationDate": "2022-01-26T17:02:54.634", "title": "Ученые изменили прогноз об эволюции Земли", "text": "Ученые из Швейцарии: Земля остывает в полтора раза быстрее, чем предполагалось ранее.\r\n\r\n\"Мы обнаружили, что теплопроводность на границе мантии и ядра примерно в полтора раза выше, чем мы думали. Это говорит о более высоком потоке тепла из ядра и, следовательно, более высокой мантийной конвекции\", — отмечается в материале.", "rate": 6}}, {"model": "news.post", "pk": 10, "fields": {"author": 1, "categoryType": "NW", "creationDate": "2022-01-26T17:04:52.047", "title": "\"Роскосмос\" работает над версией \"Ангары\" с возвращаемыми блоками", "text": "Роскосмос прорабатывает возможность создания версии ракеты \"Ангара\" с возвращаемым пакетом из пяти блоков первой ступени, сообщил во вторник гендиректор госкорпорации Дмитрий Рогозин.\r\n\"У нас есть одна задумка, которая состоит в том, что можно было бы посмотреть на возможность работы по \"Ангаре\" с точки зрения возвращаемости пакета первой ступени, не расщепляя его, не разбрасывая на отдельные универсальные ракетные модули\", - сказал он на пленарном заседании Королевских чтений в Москве.", "rate": 7}}, {"model": "news.post", "pk": 11, "fields": {"author": 1, "categoryType": "AR", "creationDate": "2022-01-26T17:06:11.932", "title": "Ученые объяснили, откуда на Земле появились океан", "text": "Китайские и российские ученые предсказали минерал — гидросиликат магния, который теоретически мог существовать в условиях высокого давления на ранней Земле. После обособления земного ядра и падения давления в мантии этот минерал, по мнению авторов, разложился с выделением большого количества воды, которая и дала начало земным океанам. Результаты исследования опубликованы в журнале Physical Review Letters.", "rate": 8}}, {"model": "news.post", "pk": 12, "fields": {"author": 1, "categoryType": "AR", "creationDate": "2022-01-26T17:09:17.976", "title": "Россиянам посоветовали лучшие продукты для укрепления суставов", "text": "Одной из главных причин заболеваний суставов является неправильное питание, заявила врач-диетолог Светлана Фус.\r\nСпециалист посоветовала включить в свой рацион больше продуктов, богатых кальцием. При его дефиците организм забирает минерал из костной ткани, а это, в свою очередь, приведит к остеопорозу.", "rate": 7}}, {"model": "news.post", "pk": 13, "fields": {"author": 2, "categoryType": "NW", "creationDate": "2022-01-26T17:10:32.843", "title": "Сборная России по мини-футболу разгромила хорватов на чемпионате Европы", "text": "Мужская сборная России по мини-футболу разгромила хорватов во втором туре группового этапа чемпионата Европы в Нидерландах.\r\nВстреча группы С завершилась со счетом 4:0 (3:0 в первом тайме) в пользу россиян. Отличились Артем Антошкин (3-я, 26-я минуты), Паулиньо (12) и Иван Чишкала (20). Хорваты играли в меньшинстве со 2-й минуты после удаления Ведрана Матошевича.\r\nРоссияне лидируют в квартете С, набрав шесть очков, у хорватов (2-е место) три балла. Поляки и словаки, уступившие в матчах первого тура, проведут очную встречу позднее во вторник, россияне оформят досрочную путевку в плей-офф в том случае, если сборная Словакии не проиграет.", "rate": 5}}, {"model": "news.post", "pk": 14, "fields": {"author": 1, "categoryType": "AR", "creationDate": "2022-01-26T17:11:22.643", "title": "Названы лучшие продукты для повышения уровня тестостерона", "text": "Врач-нутрициолог, кандидат биологических наук Александр Мирошников рассказал в эфире передачи \"Доктор 24\" о продуктах, которые необходимо включать в рацион для повышения уровня тестостерона.\r\nОн отметил, что тестостерон влияет не только на репродуктивную функцию, но также способствует росту и поддержанию функции мышц, стимулирует рост волос, влияет на жировую ткань и формирование костей.\r\nПо словам специалиста, в первую очередь следует употреблять тыквенные семечки. В них много цинка, который участвует в различных ферментных реакциях, в том числе в синтезе тестостерона...", "rate": 6}}, {"model": "news.post", "pk": 26, "fields": {"author": 1, "categoryType": "NW", "creationDate": "2022-02-12T20:41:01.170", "title": "fgg", "text": "dfgb", "rate": 0}}, {"model": "news.post", "pk": 27, "fields": {"author": 1, "categoryType": "NW", "creationDate": "2022-02-12T23:31:40.330", "title": "rfth", "text": "qwer", "rate": 0}}, {"model": "news.post", "pk": 28, "fields": {"author": 1, "categoryType": "NW", "creationDate": "2022-02-12T23:32:01.639", "title": "dfgn", "text": "fdgnn", "rate": 0}}, {"model": "news.post", "pk": 29, "fields": {"author": 1, "categoryType": "NW", "creationDate": "2022-02-13T03:19:26.728", "title": "erg", "text": "erge", "rate": 0}}, {"model": "news.post", "pk": 30, "fields": {"author": 2, "categoryType": "AR", "creationDate": "2022-02-13T03:25:54.224", "title": "dhhh", "text": "12345", "rate": 0}}, {"model": "news.post", "pk": 33, "fields": {"author": 1, "categoryType": "NW", "creationDate": "2022-02-13T16:36:34.616", "title": "qwerty", "text": "12345", "rate": 0}}, {"model": "news.post", "pk": 37, "fields": {"author": 1, "categoryType": "NW", "creationDate": "2022-02-20T21:57:45.240", "title": "Heath_new_20.02", "text": "Heath_new_20.02 21:08", "rate": 0}}, {"model": "news.postcategory", "pk": 1, "fields": {"posts": 1, "categories": 4}}, {"model": "news.postcategory", "pk": 2, "fields": {"posts": 1, "categories": 3}}, {"model": "news.postcategory", "pk": 3, "fields": {"posts": 2, "categories": 1}}, {"model": "news.postcategory", "pk": 4, "fields": {"posts": 3, "categories": 2}}, {"model": "news.postcategory", "pk": 5, "fields": {"posts": 4, "categories": 2}}, {"model": "news.postcategory", "pk": 6, "fields": {"posts": 5, "categories": 3}}, {"model": "news.postcategory", "pk": 7, "fields": {"posts": 6, "categories": 2}}, {"model": "news.postcategory", "pk": 8, "fields": {"posts": 7, "categories": 2}}, {"model": "news.postcategory", "pk": 9, "fields": {"posts": 8, "categories": 4}}, {"model": "news.postcategory", "pk": 10, "fields": {"posts": 9, "categories": 5}}, {"model": "news.postcategory", "pk": 11, "fields": {"posts": 10, "categories": 5}}, {"model": "news.postcategory", "pk": 12, "fields": {"posts": 11, "categories": 5}}, {"model": "news.postcategory", "pk": 13, "fields": {"posts": 12, "categories": 4}}, {"model": "news.postcategory", "pk": 14, "fields": {"posts": 13, "categories": 2}}, {"model": "news.postcategory", "pk": 15, "fields": {"posts": 14, "categories": 4}}, {"model": "news.postcategory", "pk": 27, "fields": {"posts": 26, "categories": 2}}, {"model": "news.postcategory", "pk": 28, "fields": {"posts": 27, "categories": 2}}, {"model": "news.postcategory", "pk": 29, "fields": {"posts": 28, "categories": 3}}, {"model": "news.postcategory", "pk": 30, "fields": {"posts": 29, "categories": 4}}, {"model": "news.postcategory", "pk": 31, "fields": {"posts": 30, "categories": 5}}, {"model": "news.comment", "pk": 1, "fields": {"commentPost": 3, "commentUser": 1, "text": "Куда им до Реала", "creationDate": "2022-01-09T17:26:11.894", "rate": 2}}, {"model": "news.comment", "pk": 2, "fields": {"commentPost": 3, "commentUser": 2, "text": "То ли еще будет!", "creationDate": "2022-01-09T17:26:38.872", "rate": -2}}, {"model": "news.comment", "pk": 3, "fields": {"commentPost": 1, "commentUser": 2, "text": "Отлично, спасибо!", "creationDate": "2022-01-09T17:30:22.906", "rate": 4}}, {"model": "news.comment", "pk": 4, "fields": {"commentPost": 2, "commentUser": 1, "text": "Очень круто!", "creationDate": "2022-01-09T17:30:36.247", "rate": 4}}, {"model": "sites.site", "pk": 1, "fields": {"domain": "127.0.0.1", "name": "example.com"}}, {"model": "account.emailaddress", "pk": 1, "fields": {"user": 4, "email": "phantompost777@gmail.com", "verified": true, "primary": true}}, {"model": "account.emailaddress", "pk": 3, "fields": {"user": 3, "email": "Yevgeny.Golovin@yandex.ru", "verified": true, "primary": true}}, {"model": "account.emailaddress", "pk": 5, "fields": {"user": 7, "email": "phantom-post@yandex.ru", "verified": true, "primary": true}}, {"model": "socialaccount.socialapp", "pk": 1, "fields": {"provider": "google", "name": "Google", "client_id": "695701420728-gskljespvhm7dmsuns97r2g65ncoii30.apps.googleusercontent.com", "secret": "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", "key": "", "sites": [1]}}, {"model": "socialaccount.socialaccount", "pk": 1, "fields": {"user": 4, "provider": "google", "uid": "104274575939829009473", "last_login": "2022-02-11T23:17:00.145", "date_joined": "2022-02-03T02:18:03.921", "extra_data": "{\"id\": \"104274575939829009473\", \"email\": \"phantompost777@gmail.com\", \"verified_email\": true, \"name\": \"\\u0415\\u0432\\u0433\\u0435\\u043d\\u0438\\u0439 \\u0413\\u043e\\u043b\\u043e\\u0432\\u0438\\u043d\", \"given_name\": \"\\u0415\\u0432\\u0433\\u0435\\u043d\\u0438\\u0439\", \"family_name\": \"\\u0413\\u043e\\u043b\\u043e\\u0432\\u0438\\u043d\", \"picture\": \"https://lh3.googleusercontent.com/a/AATXAJwvWo_mIvqkJbRdYpUr34i_B-RhRzmZDaP_7aSw=s96-c\", \"locale\": \"ru\"}"}}, {"model": "socialaccount.socialtoken", "pk": 1, "fields": {"app": 1, "account": 1, "token": "ya29.A0ARrdaM_aeR5EOPT3d38Vm16TOuOXb34trjPfABikYiIBn1vjHL4myD_eBdhEeVPZWO0GjHMdMyFJQav-KX5hVQlwlm8Mh8_eO_qNZYSnS580s11G_WtOZKwuWiRka9tHgBJbmBy7Gd5y2DUnDKwzU1Ykb0Xx_w", "token_secret": "", "expires_at": "2022-02-12T00:16:58.904"}}, {"model": "django_apscheduler.djangojob", "pk": "delete_old_job_executions", "fields": {"next_run_time": "2022-02-14T06:00:00", "job_state": "gAWViwQAAAAAAAB9lCiMB3ZlcnNpb26USwGMAmlklIwZZGVsZXRlX29sZF9qb2JfZXhlY3V0aW9uc5SMBGZ1bmOUjEFuZXdzLm1hbmFnZW1lbnQuY29tbWFuZHMucnVuYXBzY2hlZHVsZXI6ZGVsZXRlX29sZF9qb2JfZXhlY3V0aW9uc5SMB3RyaWdnZXKUjBlhcHNjaGVkdWxlci50cmlnZ2Vycy5jcm9ulIwLQ3JvblRyaWdnZXKUk5QpgZR9lChoAUsCjAh0aW1lem9uZZSMG3B5dHpfZGVwcmVjYXRpb25fc2hpbS5faW1wbJSMCXdyYXBfem9uZZSTlIwIYnVpbHRpbnOUjAdnZXRhdHRylJOUjAh6b25laW5mb5SMCFpvbmVJbmZvlJOUjAlfdW5waWNrbGWUhpRSlIwNRXVyb3BlL01vc2Nvd5RLAYaUUpRoGYaUUpSMCnN0YXJ0X2RhdGWUTowIZW5kX2RhdGWUTowGZmllbGRzlF2UKIwgYXBzY2hlZHVsZXIudHJpZ2dlcnMuY3Jvbi5maWVsZHOUjAlCYXNlRmllbGSUk5QpgZR9lCiMBG5hbWWUjAR5ZWFylIwKaXNfZGVmYXVsdJSIjAtleHByZXNzaW9uc5RdlIwlYXBzY2hlZHVsZXIudHJpZ2dlcnMuY3Jvbi5leHByZXNzaW9uc5SMDUFsbEV4cHJlc3Npb26Uk5QpgZR9lIwEc3RlcJROc2JhdWJoIowKTW9udGhGaWVsZJSTlCmBlH2UKGgnjAVtb250aJRoKYhoKl2UaC4pgZR9lGgxTnNiYXViaCKMD0RheU9mTW9udGhGaWVsZJSTlCmBlH2UKGgnjANkYXmUaCmIaCpdlGguKYGUfZRoMU5zYmF1YmgijAlXZWVrRmllbGSUk5QpgZR9lChoJ4wEd2Vla5RoKYhoKl2UaC4pgZR9lGgxTnNiYXViaCKMDkRheU9mV2Vla0ZpZWxklJOUKYGUfZQoaCeMC2RheV9vZl93ZWVrlGgpiWgqXZRoLIwWV2Vla2RheVJhbmdlRXhwcmVzc2lvbpSTlCmBlH2UKGgxTowFZmlyc3SUSwCMBGxhc3SUSwB1YmF1YmgkKYGUfZQoaCeMBGhvdXKUaCmJaCpdlGgsjA9SYW5nZUV4cHJlc3Npb26Uk5QpgZR9lChoMU5oVEsJaFVLCXViYXViaCQpgZR9lChoJ4wGbWludXRllGgpiWgqXZRoWymBlH2UKGgxTmhUSwBoVUsAdWJhdWJoJCmBlH2UKGgnjAZzZWNvbmSUaCmIaCpdlGhbKYGUfZQoaDFOaFRLAGhVSwB1YmF1YmWMBmppdHRlcpROdWKMCGV4ZWN1dG9ylIwHZGVmYXVsdJSMBGFyZ3OUKYwGa3dhcmdzlH2UaCdoA4wSbWlzZmlyZV9ncmFjZV90aW1llEsBjAhjb2FsZXNjZZSIjA1tYXhfaW5zdGFuY2VzlEsBjA1uZXh0X3J1bl90aW1llIwIZGF0ZXRpbWWUjAhkYXRldGltZZSTlEMKB+YCDgkAAAAAAJRoHYaUUpR1Lg=="}}, {"model": "django_apscheduler.djangojob", "pk": "news_sender", "fields": {"next_run_time": "2022-02-12T21:50:00", "job_state": "gAWVEgQAAAAAAAB9lCiMB3ZlcnNpb26USwGMAmlklIwLbmV3c19zZW5kZXKUjARmdW5jlIwzbmV3cy5tYW5hZ2VtZW50LmNvbW1hbmRzLnJ1bmFwc2NoZWR1bGVyOm5ld3Nfc2VuZGVylIwHdHJpZ2dlcpSMGWFwc2NoZWR1bGVyLnRyaWdnZXJzLmNyb26UjAtDcm9uVHJpZ2dlcpSTlCmBlH2UKGgBSwKMCHRpbWV6b25llIwbcHl0el9kZXByZWNhdGlvbl9zaGltLl9pbXBslIwJd3JhcF96b25llJOUjAhidWlsdGluc5SMB2dldGF0dHKUk5SMCHpvbmVpbmZvlIwIWm9uZUluZm+Uk5SMCV91bnBpY2tsZZSGlFKUjA1FdXJvcGUvTW9zY293lEsBhpRSlGgZhpRSlIwKc3RhcnRfZGF0ZZROjAhlbmRfZGF0ZZROjAZmaWVsZHOUXZQojCBhcHNjaGVkdWxlci50cmlnZ2Vycy5jcm9uLmZpZWxkc5SMCUJhc2VGaWVsZJSTlCmBlH2UKIwEbmFtZZSMBHllYXKUjAppc19kZWZhdWx0lIiMC2V4cHJlc3Npb25zlF2UjCVhcHNjaGVkdWxlci50cmlnZ2Vycy5jcm9uLmV4cHJlc3Npb25zlIwNQWxsRXhwcmVzc2lvbpSTlCmBlH2UjARzdGVwlE5zYmF1YmgijApNb250aEZpZWxklJOUKYGUfZQoaCeMBW1vbnRolGgpiGgqXZRoLimBlH2UaDFOc2JhdWJoIowPRGF5T2ZNb250aEZpZWxklJOUKYGUfZQoaCeMA2RheZRoKYhoKl2UaC4pgZR9lGgxTnNiYXViaCKMCVdlZWtGaWVsZJSTlCmBlH2UKGgnjAR3ZWVrlGgpiGgqXZRoLimBlH2UaDFOc2JhdWJoIowORGF5T2ZXZWVrRmllbGSUk5QpgZR9lChoJ4wLZGF5X29mX3dlZWuUaCmIaCpdlGguKYGUfZRoMU5zYmF1YmgkKYGUfZQoaCeMBGhvdXKUaCmIaCpdlGguKYGUfZRoMU5zYmF1YmgkKYGUfZQoaCeMBm1pbnV0ZZRoKYhoKl2UaC4pgZR9lGgxTnNiYXViaCQpgZR9lChoJ4wGc2Vjb25klGgpiWgqXZRoLimBlH2UaDFLFHNiYXViZYwGaml0dGVylE51YowIZXhlY3V0b3KUjAdkZWZhdWx0lIwEYXJnc5QpjAZrd2FyZ3OUfZRoJ2gDjBJtaXNmaXJlX2dyYWNlX3RpbWWUSwGMCGNvYWxlc2NllIiMDW1heF9pbnN0YW5jZXOUSwGMDW5leHRfcnVuX3RpbWWUjAhkYXRldGltZZSMCGRhdGV0aW1llJOUQwoH5gINADIAAAAAlGgdhpRSlHUu"}}, {"model": "django_apscheduler.djangojobexecution", "pk": 1, "fields": {"job": "news_sender", "status": "Error!", "run_time": "2022-02-12T20:45:40", "duration": "10803.57", "finished": "1644698743.57", "exception": "unsupported operand type(s) for +=: 'NoneType' and 'str'", "traceback": "  File \"C:\\Python_projects\\News_portal_EG\\envs\\lib\\site-packages\\apscheduler\\executors\\base.py\", line 125, in run_job\n    retval = job.func(*job.args, **job.kwargs)\n  File \"C:\\Python_projects\\News_portal_EG\\NewsPaper\\news\\management\\commands\\runapscheduler.py\", line 34, in news_sender\n    url += f'{week_new.title} {week_new.get_absolute_url}'\n"}}, {"model": "django_apscheduler.djangojobexecution", "pk": 2, "fields": {"job": "news_sender", "status": "Error!", "run_time": "2022-02-12T20:49:40", "duration": "10800.45", "finished": "1644698980.45", "exception": "unsupported operand type(s) for +=: 'NoneType' and 'str'", "traceback": "  File \"C:\\Python_projects\\News_portal_EG\\envs\\lib\\site-packages\\apscheduler\\executors\\base.py\", line 125, in run_job\n    retval = job.func(*job.args, **job.kwargs)\n  File \"C:\\Python_projects\\News_portal_EG\\NewsPaper\\news\\management\\commands\\runapscheduler.py\", line 34, in news_sender\n    url += f'{str(week_new.title)} {week_new.get_absolute_url}'\n"}}, {"model": "django_apscheduler.djangojobexecution", "pk": 3, "fields": {"job": "news_sender", "status": "Error!", "run_time": "2022-02-12T20:54:00", "duration": "10800.43", "finished": "1644699240.43", "exception": "unsupported operand type(s) for +=: 'NoneType' and 'str'", "traceback": "  File \"C:\\Python_projects\\News_portal_EG\\envs\\lib\\site-packages\\apscheduler\\executors\\base.py\", line 125, in run_job\n    retval = job.func(*job.args, **job.kwargs)\n  File \"C:\\Python_projects\\News_portal_EG\\NewsPaper\\news\\management\\commands\\runapscheduler.py\", line 34, in news_sender\n    url += f'{week_new.get_absolute_url}, '\n"}}, {"model": "django_apscheduler.djangojobexecution", "pk": 4, "fields": {"job": "news_sender", "status": "Executed", "run_time": "2022-02-12T20:58:20", "duration": "10800.34", "finished": "1644699500.34", "exception": null, "traceback": null}}, {"model": "django_apscheduler.djangojobexecution", "pk": 5, "fields": {"job": "news_sender", "status": "Executed", "run_time": "2022-02-12T21:05:00", "duration": "10800.39", "finished": "1644699900.39", "exception": null, "traceback": null}}, {"model": "django_apscheduler.djangojobexecution", "pk": 6, "fields": {"job": "news_sender", "status": "Executed", "run_time": "2022-02-12T21:15:20", "duration": "10801.08", "finished": "1644700521.08", "exception": null, "traceback": null}}, {"model": "django_apscheduler.djangojobexecution", "pk": 7, "fields": {"job": "news_sender", "status": "Executed", "run_time": "2022-02-12T21:17:20", "duration": "10800.29", "finished": "1644700640.29", "exception": null, "traceback": null}}, {"model": "django_apscheduler.djangojobexecution", "pk": 8, "fields": {"job": "news_sender", "status": "Executed", "run_time": "2022-02-12T21:36:00", "duration": "10810.84", "finished": "1644701770.84", "exception": null, "traceback": null}}, {"model": "django_apscheduler.djangojobexecution", "pk": 9, "fields": {"job": "news_sender", "status": "Executed", "run_time": "2022-02-12T21:43:40", "duration": "10800.34", "finished": "1644702220.34", "exception": null, "traceback": null}}, {"model": "django_apscheduler.djangojobexecution", "pk": 10, "fields": {"job": "news_sender", "status": "Executed", "run_time": "2022-02-12T21:44:00", "duration": "10800.27", "finished": "1644702240.27", "exception": null, "traceback": null}}, {"model": "django_apscheduler.djangojobexecution", "pk": 11, "fields": {"job": "news_sender", "status": "Executed", "run_time": "2022-02-12T21:45:20", "duration": "10800.32", "finished": "1644702320.32", "exception": null, "traceback": null}}, {"model": "django_apscheduler.djangojobexecution", "pk": 12, "fields": {"job": "news_sender", "status": "Executed", "run_time": "2022-02-12T21:47:40", "duration": "10800.22", "finished": "1644702460.22", "exception": null, "traceback": null}}, {"model": "django_apscheduler.djangojobexecution", "pk": 13, "fields": {"job": "news_sender", "status": "Executed", "run_time": "2022-02-12T21:49:40", "duration": "10800.29", "finished": "1644702580.29", "exception": null, "traceback": null}}]